Title,YouTube Video ID
Kororinpa Welcome,ADhZIRUTBAU
Anthony's House,-w0sL6i6Ors
View The Planets,1K9xAsAIU90
Kororinpa Practice,YmLr_nPji2U
In the Ant's Nest,PYwzQL9abxA
Shiny Ranking,ahkRsWkAOpE
Secret Room,UWVHbTW9n1g
Junk Factory,_Y7slTPswEs
Kororinpa Create,xINsmUvmYLw
Let's Choose,fACzV6pzJmQ
Look Closely,zDC4lPsnm2Q
Yay! Goal!,c-_ljSXSdZU
Score Update,a_1dPwjVXXk
Explore the Empty Lot,QRG3epo3Tdo
Keep on Going,xtLjPA5lrOE
Exciting,3BSifeLwPJo
Sweet Home,BPfaO0il_-4
In the House,2rJf74Aga8A
Mini Field Day,aXn3Vp2oJas
Heat Haze,2pujXQ9D10Y
Desert Wandering,hsyQQmv8z9Y
Hot Plains,daWzjhmqJsc
Snowy World,dC4azYcn4pk
Under Aurora,uurqNQhsH4w
Bullets on Ice,R1r8LcDKxOM
Mystic Seabed,qTWPUg72rLo
Silent World,Fe7OMwtZtGs
Peaceful Seabed,cqK3BpoXfy4
Station,J1FCiH_7QOM
Endless Space,4-jfEaLMiFs
Space Roller,YoHvr1uMFPY
Holy Corridor,CvFrwiGyF-U
In the Temple,ZPa5GEV8Ftg
Endless Power,K0SpXB5bkLc
Candy Circus,E0DIBoq2d_Q
Cookie Dash,avdghcPtfyA
Spook Dance,ZfDIEM9hWO0
Spook Chase,ue9tsrXiQaE
Into Darkness,oIy4NGHax1U
Lurking in the Dark,whpe4DoftlM
Spin Town,EQZkzdOfXVE
Flying Highway,euysbt-3QTk
Sleepless City,dKdXJf_Cyxc
Night Wandering,NtebtC9AHNw
Anthony's Request,qQ4Un6kakhY
Factory Notice,tmFO7ckTq_k
To Stump Temple,8HQebZ-a4xM
Long Journey End,duAV9Q2X62E
Adventure Begins,5puNa501Wt4
Credits,G39kuDEovPk
Special Credits,U_Kc-PfZkjA
The End,8xnkXynHsOs
Road Runner,GtPoY0Y7XeQ
Princess Tomato,36xFB3ebf3M
Bomber King,wqfLhs6pX7c
Star Solider,jS0ienUTxMc
Walk in the Park,Z92oLm22VSs